{
	"image_size" : [ 640, 480 ],
	"tangential" : [ -0.001084692269725, -0.000585711830257 ],
	"radial" : [ -0.394583769588072, 0.231956592539544, -0.09282479238346 ],
	"center" : [ 322.331528148959421, 250.711106442948761 ],
	"focal" : [ 420.475259221416025, 560.199993562511168 ],
	"lens_angle" : 46.382368493762435,
	"frustum" : [ -0.076658857109884, 0.075628706570949, -0.044753857430199, 0.041056765912714, 0.1, 100.0 ],
	"reprojection_error" : 0.492091513201866
}
